REAgentID,SalesRepID,SalesMeetingDate
0033300001fL4H1AAK,00533000002mY8OAAU,2017-03-13 00:00:00
0034000000dvTIUAA2,00533000002mY8OAAU,2017-03-13 00:00:00
0034000001AwJj0AAF,00533000002mY8OAAU,2017-03-13 00:00:00
0034000001AvcHtAAJ,00540000001jyH4AAI,2017-03-21 00:00:00
0034000001QmQb2AAF,00540000001jyH4AAI,2017-03-21 00:00:00
0034000001BR97hAAD,00540000001jyH4AAI,2017-03-21 00:00:00
0033300001livgmAAA,00540000001jyH4AAI,2017-03-21 00:00:00
0034000000kcY36AAE,00540000001jyH4AAI,2017-03-21 00:00:00
0034000000gNESYAA4,00540000001jyH4AAI,2017-03-21 00:00:00
0034000000Qm0CEAAZ,00540000001jyH4AAI,2017-03-22 00:00:00
0033300001pjX1yAAE,00540000001jyH4AAI,2017-03-22 00:00:00
0033300001fLZacAAG,00540000001jyH4AAI,2017-03-22 00:00:00
0033300001pWLLTAA4,00540000001jyH4AAI,2017-03-22 00:00:00
0034000000csijnAAA,00540000001jyH4AAI,2017-03-22 00:00:00
0034000000xyaUjAAI,00540000001jyH4AAI,2017-03-22 00:00:00
0034000001MqXCBAA3,00540000001jyH4AAI,2017-03-22 00:00:00
0033300001g76R1AAI,00540000001jyH4AAI,2017-03-23 00:00:00
0034000000fFcReAAK,00540000001jyH4AAI,2017-03-23 00:00:00
0033300001pVnYlAAK,00540000002lwFjAAI,2017-03-28 00:00:00
0034000000oA7vZAAS,00533000002mOerAAE,2017-04-03 00:00:00
0034000001DYn7bAAD,00533000002mOerAAE,2017-04-05 00:00:00
0034000000xbhd9AAA,00533000002mOerAAE,2017-04-05 00:00:00
0034000000gqWKtAAM,00533000002mOerAAE,2017-04-07 00:00:00
0034000000vsrWUAAY,00533000002mOerAAE,2017-04-17 00:00:00
0034000000yZViyAAG,00540000002j9LGAAY,2017-04-19 00:00:00
0034000000kIBwYAAW,00533000002mOerAAE,2017-04-19 00:00:00
0033300001el5N1AAI,00540000002j9LGAAY,2017-04-19 00:00:00
0033300001fKTMrAAO,00540000002j9LGAAY,2017-04-19 00:00:00
0034000001VKW0AAAX,00540000002j9LGAAY,2017-04-19 00:00:00
0034000001BTxGMAA1,00540000002j9LGAAY,2017-04-19 00:00:00
0034000001BU5YsAAL,00533000002mOerAAE,2017-04-24 00:00:00
0034000001QqL7mAAF,00533000002mOerAAE,2017-04-24 00:00:00
0034000001GEmtvAAD,00533000002mOerAAE,2017-04-24 00:00:00
0033300001emX5NAAU,00533000002mOerAAE,2017-04-24 00:00:00
0034000000vHRiAAAW,00533000002mOerAAE,2017-04-24 00:00:00
0034000000fE6eJAAS,00533000002mOerAAE,2017-04-25 00:00:00
0034000000qYIX4AAO,00533000002mOerAAE,2017-04-25 00:00:00
0034000000l6JvEAAU,00533000002mOerAAE,2017-04-25 00:00:00
0034000000YsVVzAAN,00533000002mOerAAE,2017-04-25 00:00:00
0034000001Aw2jzAAB,00533000002mOerAAE,2017-04-25 00:00:00
0034000001BUALRAA5,00540000002j9LGAAY,2017-04-26 00:00:00
0034000001BUA5uAAH,00540000002j9LGAAY,2017-04-26 00:00:00
0034000001NF3TVAA1,00533000002mOerAAE,2017-04-26 00:00:00
0034000001ZaW8fAAF,00540000002j9LGAAY,2017-04-26 00:00:00
0033300001el6VvAAI,00533000002mOerAAE,2017-04-26 00:00:00
0033300001fO6EyAAK,00540000002j9LGAAY,2017-04-27 00:00:00
0034000001Q5oywAAB,00540000002j9LGAAY,2017-04-27 00:00:00
0034000000naRvRAAU,00540000002j9LGAAY,2017-04-27 00:00:00
0033300001fNOVeAAO,00540000002j9LGAAY,2017-04-28 00:00:00
0033300001lk3jCAAQ,00540000002j9LGAAY,2017-04-28 00:00:00
0034000000xZDppAAG,00540000002j9LGAAY,2017-04-28 00:00:00
0034000000kflXJAAY,00540000001kNrMAAU,2017-05-05 00:00:00
0034000001BPxcpAAD,00540000001EzegAAC,2017-05-09 00:00:00
0034000001AtZ1fAAF,00540000001EzegAAC,2017-05-10 00:00:00
0034000000fFrqTAAS,00540000001jyH4AAI,2017-05-16 00:00:00
0033300001fhSXeAAM,00540000001jyH4AAI,2017-05-16 00:00:00
0034000000flBNhAAM,005400000026pggAAA,2017-05-17 00:00:00
0034000000t9bSNAAY,005400000026pggAAA,2017-05-17 00:00:00
00340000017k2vmAAA,005400000026pggAAA,2017-05-17 00:00:00
0034000000io09KAAQ,005400000026pggAAA,2017-05-17 00:00:00
0034000001GEA2vAAH,005400000026VEuAAM,2017-05-17 00:00:00
0034000001VyksWAAR,005400000026pggAAA,2017-05-18 00:00:00
0034000001CclYBAAZ,00540000001kNrMAAU,2017-05-18 00:00:00
0034000000uXSW5AAO,005400000026pggAAA,2017-05-18 00:00:00
0033300001fKQxdAAG,005400000026pggAAA,2017-05-18 00:00:00
0034000001N5bNXAAZ,005400000026pggAAA,2017-05-19 00:00:00
0034000001BU6nnAAD,005400000026pggAAA,2017-05-19 00:00:00
0034000001MHUgCAAX,00540000002iqyjAAA,2017-05-22 00:00:00
0034000000lKP5pAAG,00533000002mYGpAAM,2017-05-22 00:00:00
00340000010gETYAA2,00533000002mY8pAAE,2017-05-22 00:00:00
0034000001GE40CAAT,00533000002mY8pAAE,2017-05-22 00:00:00
0034000001BQtyzAAD,00533000003meIXAAY,2017-05-22 00:00:00
0034000001NZXUmAAP,00533000002mYGpAAM,2017-05-22 00:00:00
0034000001MpBBgAAN,00533000003mQWGAA2,2017-05-22 00:00:00
0033300001fKpqnAAC,00533000003meIXAAY,2017-05-22 00:00:00
0033300001fNFfWAAW,00533000003meIXAAY,2017-05-22 00:00:00
0034000000k1ka8AAA,00533000002mY8pAAE,2017-05-22 00:00:00
00340000019jA5kAAE,00540000002iqyjAAA,2017-05-22 00:00:00
0034000000fDKPGAA4,00533000002mOerAAE,2017-05-22 00:00:00
0034000000hdk4CAAQ,00540000002j9LGAAY,2017-05-22 00:00:00
0034000000hdk4CAAQ,00540000002j9LGAAY,2017-05-22 00:00:00
0034000000VIVPTAA5,00533000002mYGpAAM,2017-05-22 00:00:00
0033300001lk1ohAAA,00533000002mYGpAAM,2017-05-23 00:00:00
0034000000nXMtSAAW,00533000002mp8OAAQ,2017-05-23 00:00:00
0034000000avKmPAAU,00533000002mY8pAAE,2017-05-23 00:00:00
0034000000uUxvoAAC,00533000003meIXAAY,2017-05-23 00:00:00
0034000000u2TQrAAM,00540000002j9LGAAY,2017-05-23 00:00:00
0034000000u2TQrAAM,00540000002j9LGAAY,2017-05-23 00:00:00
0034000000hR20mAAC,00540000002j9LGAAY,2017-05-23 00:00:00
0034000000hR20mAAC,00540000002j9LGAAY,2017-05-23 00:00:00
0034000000kKd3JAAS,00540000002j9LGAAY,2017-05-23 00:00:00
0034000000kKd3JAAS,00540000002j9LGAAY,2017-05-23 00:00:00
0034000001N60CIAAZ,00533000003gdHWAAY,2017-05-23 00:00:00
0033300001emKqGAAU,00533000002mYG3AAM,2017-05-23 00:00:00
0033300001fKS4jAAG,00533000003meIXAAY,2017-05-23 00:00:00
0033300001el5GtAAI,00533000002mY8pAAE,2017-05-23 00:00:00
0034000001CcUTeAAN,00533000003meIXAAY,2017-05-23 00:00:00
0033300001dMZ30AAG,00533000002mOerAAE,2017-05-23 00:00:00
0033300001eBZ2OAAW,00533000003meIXAAY,2017-05-23 00:00:00
0034000001PKkaAAAT,00540000001IcKPAA0,2017-05-23 00:00:00
0034000001MpEz2AAF,00533000003jwHRAAY,2017-05-23 00:00:00
0034000001OnmAyAAJ,005330000045nicAAA,2017-05-23 00:00:00
0034000001BS7SUAA1,00533000002mY8pAAE,2017-05-23 00:00:00
0033300001h1WCpAAM,00540000002kd6jAAA,2017-05-23 00:00:00
0033300001tZPY4AAO,00533000003meIXAAY,2017-05-23 00:00:00
003f300001uccpZAAQ,00533000003SqaRAAS,2017-05-23 00:00:00
003f300001uccpZAAQ,00533000003SqaRAAS,2017-05-23 00:00:00
0034000001Aw1KjAAJ,00533000002mOerAAE,2017-05-23 00:00:00
0034000001BQtyzAAD,00533000003meIXAAY,2017-05-23 00:00:00
00340000019kho0AAA,00533000003meIXAAY,2017-05-23 00:00:00
003400000100mQhAAI,00533000002mY8pAAE,2017-05-23 00:00:00
003400000100mQhAAI,00533000002mY8pAAE,2017-05-23 00:00:00
0034000001AvtyzAAB,0054000000247hYAAQ,2017-05-23 00:00:00
00340000010gETYAA2,00533000002mY8pAAE,2017-05-23 00:00:00
0034000000o8SFqAAM,00540000001IcKPAA0,2017-05-23 00:00:00
0034000001Oo852AAB,00533000002mY8pAAE,2017-05-23 00:00:00
0034000001OlwooAAB,00533000003jwHRAAY,2017-05-23 00:00:00
0034000001VJgijAAD,00540000002j9LGAAY,2017-05-23 00:00:00
0034000001VJgijAAD,00540000002j9LGAAY,2017-05-23 00:00:00
0034000001Vx7MpAAJ,00540000001EzegAAC,2017-05-24 00:00:00
0034000001Oo852AAB,00533000002mY8pAAE,2017-05-24 00:00:00
0034000001O7Mu3AAF,00533000003jwHRAAY,2017-05-24 00:00:00
0034000001BU9xAAAT,00533000002mY8pAAE,2017-05-24 00:00:00
0034000001NeZwjAAF,00540000001lrG4AAI,2017-05-24 00:00:00
0034000001BScN0AAL,00533000003mVTqAAM,2017-05-24 00:00:00
0034000001BRmEWAA1,00533000002mY8pAAE,2017-05-24 00:00:00
0034000001BT6SuAAL,005330000045nicAAA,2017-05-24 00:00:00
0034000001AvvlpAAB,00533000002mY8pAAE,2017-05-24 00:00:00
0034000000lhPo6AAE,00533000002mY8pAAE,2017-05-24 00:00:00
0034000001BR0LLAA1,00533000002mY8pAAE,2017-05-24 00:00:00
0034000001XHb4HAAT,00533000003mVTqAAM,2017-05-24 00:00:00
0034000001AsQeSAAV,00533000002mY8pAAE,2017-05-24 00:00:00
0034000001T5vPwAAJ,00533000003mVTqAAM,2017-05-24 00:00:00
0033300001dKj99AAC,00533000003SqaRAAS,2017-05-24 00:00:00
0033300001fKhsTAAS,005330000045SG8AAM,2017-05-24 00:00:00
0033300001hRbQvAAK,00533000002mY8pAAE,2017-05-24 00:00:00
0034000000kenRgAAI,00540000001EzegAAC,2017-05-24 00:00:00
0034000000YYBLYAA5,00533000002mOerAAE,2017-05-24 00:00:00
0033300001oXKdAAAW,005330000045SG8AAM,2017-05-24 00:00:00
0034000000fmkrjAAA,00533000002mY8pAAE,2017-05-24 00:00:00
0034000000gyhkoAAA,00533000002mY8pAAE,2017-05-24 00:00:00
0034000000u2w1fAAA,00533000002mYGpAAM,2017-05-24 00:00:00
0034000000fE1GnAAK,00540000001IcKPAA0,2017-05-24 00:00:00
00340000016sqOIAAY,00533000002mY8pAAE,2017-05-24 00:00:00
00340000016sqOIAAY,00533000002mY8pAAE,2017-05-24 00:00:00
00340000014bVxQAAU,00533000002mY8pAAE,2017-05-24 00:00:00
00340000017i9qxAAA,00533000003jwHRAAY,2017-05-24 00:00:00
0034000000vsrWUAAY,00533000002mOerAAE,2017-05-24 00:00:00
0034000000yc6ATAAY,00533000002mY8pAAE,2017-05-24 00:00:00
0034000000avK6MAAU,00540000001lrG4AAI,2017-05-24 00:00:00
0034000000avK93AAE,00540000001IcKPAA0,2017-05-24 00:00:00
0034000000u4yMrAAI,00533000002mY8pAAE,2017-05-24 00:00:00
0034000000nFd46AAC,005330000045nicAAA,2017-05-24 00:00:00
0034000000mrO6rAAE,00540000001IcKPAA0,2017-05-24 00:00:00
0034000000nEWREAA4,00533000002mY8pAAE,2017-05-25 00:00:00
0034000000hg3gHAAQ,005400000024a7uAAA,2017-05-25 00:00:00
0034000000ct2RQAAY,00540000001HFYvAAO,2017-05-25 00:00:00
0034000000hTsqkAAC,00533000002mY8oAAE,2017-05-25 00:00:00
0034000000avJnfAAE,005330000045l1CAAQ,2017-05-25 00:00:00
0034000000avKmPAAU,00533000002mY8pAAE,2017-05-25 00:00:00
0034000000yZ5UOAA0,00540000002kNQmAAM,2017-05-25 00:00:00
00340000017hMALAA2,00533000003mVTqAAM,2017-05-25 00:00:00
0034000000zBVaJAAW,00533000002mY8pAAE,2017-05-25 00:00:00
0034000000zBVsqAAG,00533000002mY8oAAE,2017-05-25 00:00:00
00340000017jzPVAAY,00533000002mY8pAAE,2017-05-25 00:00:00
0034000001AuMHPAA3,00540000001HFYvAAO,2017-05-25 00:00:00
0034000000fCYXpAAO,00533000002mY8pAAE,2017-05-25 00:00:00
00340000017h5rgAAA,005330000045nicAAA,2017-05-25 00:00:00
00340000012Rq11AAC,00533000002mY8pAAE,2017-05-25 00:00:00
0034000000xFCTHAA4,00533000002mY8pAAE,2017-05-25 00:00:00
0034000000g0neXAAQ,00533000002mY8oAAE,2017-05-25 00:00:00
0034000000k2Hz3AAE,00533000002mY8pAAE,2017-05-25 00:00:00
0034000000qzouRAAQ,00533000002mY8pAAE,2017-05-25 00:00:00
0034000000fmkrjAAA,00533000002mY8pAAE,2017-05-25 00:00:00
0034000000j8ob5AAA,00533000003jwHRAAY,2017-05-25 00:00:00
0034000000k1ka8AAA,00533000002mY8pAAE,2017-05-25 00:00:00
0033300001oXQsWAAW,005330000045l1CAAQ,2017-05-25 00:00:00
0033300001milo2AAA,00533000002mY8pAAE,2017-05-25 00:00:00
0034000000kK2C9AAK,00533000002mY8oAAE,2017-05-25 00:00:00
0034000000kJX3TAAW,00540000001lrG4AAI,2017-05-25 00:00:00
0033300001isEOMAA2,00540000001EzegAAC,2017-05-25 00:00:00
0033300001fL18iAAC,005330000045SG8AAM,2017-05-25 00:00:00
0033300001fOOVZAA4,00533000002mY8pAAE,2017-05-25 00:00:00
0033300001el5QYAAY,00533000003mSHXAA2,2017-05-25 00:00:00
0033300001fKKjHAAW,00540000002kNQmAAM,2017-05-25 00:00:00
0033300001el4OLAAY,005400000024a7uAAA,2017-05-25 00:00:00
0034000001TyaLmAAJ,005400000024a7uAAA,2017-05-25 00:00:00
0034000001PKHzQAAX,00533000002mY8pAAE,2017-05-25 00:00:00
0033300001tuW2RAAU,00533000003mVTqAAM,2017-05-25 00:00:00
0034000001Av4cBAAR,00533000002mY8pAAE,2017-05-25 00:00:00
00340000011QViqAAG,00540000001EzegAAC,2017-05-25 00:00:00
0034000001BQmx5AAD,00533000002mY9TAAU,2017-05-25 00:00:00
0034000001BPy8SAAT,00533000002mY8pAAE,2017-05-25 00:00:00
0034000001AuaAMAAZ,005400000024a7uAAA,2017-05-25 00:00:00
0034000000lLiwQAAS,00533000002mY8pAAE,2017-05-25 00:00:00
0034000001AvtyzAAB,0054000000247hYAAQ,2017-05-25 00:00:00
0034000000nYrJNAA0,00533000002mY8pAAE,2017-05-25 00:00:00
0034000001AvtDKAAZ,00533000002mY8pAAE,2017-05-25 00:00:00
0034000000osdz6AAA,00540000002kNQmAAM,2017-05-25 00:00:00
0034000001BTC93AAH,00533000002mY8pAAE,2017-05-25 00:00:00
0034000001BQ4TwAAL,00533000002mY8pAAE,2017-05-25 00:00:00
0034000001VKVDAAA5,00533000003StEEAA0,2017-05-25 00:00:00
0034000001E8C8WAAV,005400000024a7uAAA,2017-05-25 00:00:00
0034000001BeIhhAAF,00533000002mYGpAAM,2017-05-25 00:00:00
0034000000lLZI8AAO,00540000001FEymAAG,2017-05-26 00:00:00
0034000001BPvFbAAL,00533000002mOerAAE,2017-05-26 00:00:00
0034000001BPvFbAAL,00533000002mOerAAE,2017-05-26 00:00:00
0034000001JWfziAAD,00533000003mVTqAAM,2017-05-26 00:00:00
0033300001irkzLAAQ,00533000002mYGpAAM,2017-05-26 00:00:00
0034000000imwK2AAI,00540000001lrG4AAI,2017-05-26 00:00:00
0034000000c62l5AAA,005400000026PJSAA2,2017-05-26 00:00:00
0034000000cq3O1AAI,00533000003mVTqAAM,2017-05-26 00:00:00
0034000000nEWREAA4,00533000002mY8pAAE,2017-05-26 00:00:00
0034000000nEWREAA4,00533000002mY8pAAE,2017-05-26 00:00:00
0034000001BSGqnAAH,00540000001GS53AAG,2017-05-27 00:00:00
0034000001BRfqxAAD,00540000001EzegAAC,2017-05-29 00:00:00
0034000001KdZBJAA3,00540000001EzegAAC,2017-05-29 00:00:00
0034000001KdZBJAA3,00540000001EzegAAC,2017-05-29 00:00:00
00340000013xpWAAAY,00540000002k7lmAAA,2017-05-29 00:00:00
0034000001Fgfy4AAB,00533000002mOehAAE,2017-05-30 00:00:00
0034000000xb0U7AAI,00533000002mY90AAE,2017-05-30 00:00:00
0034000000xa1PiAAI,00533000003mVTqAAM,2017-05-30 00:00:00
0034000000t9kzZAAQ,00540000001IcKPAA0,2017-05-30 00:00:00
0034000000u3l6aAAA,00533000002mY90AAE,2017-05-30 00:00:00
0034000000jS1c5AAC,00540000001EzegAAC,2017-05-30 00:00:00
0034000000jPk4IAAS,00533000003mVTqAAM,2017-05-30 00:00:00
0034000000YYBLYAA5,00533000002mOerAAE,2017-05-30 00:00:00
0033300001eE4N2AAK,00533000002mOerAAE,2017-05-30 00:00:00
0033300001fKRxuAAG,00533000002mY90AAE,2017-05-30 00:00:00
0033300001emIpgAAE,00540000001IcKPAA0,2017-05-30 00:00:00
0033300001fKhsTAAS,005330000045SG8AAM,2017-05-30 00:00:00
0033300001jxi7FAAQ,00533000002mZPnAAM,2017-05-30 00:00:00
0034000001O88eWAAR,00533000002mY90AAE,2017-05-30 00:00:00
0034000001BQtyzAAD,00533000003meIXAAY,2017-05-30 00:00:00
0034000001BPx4VAAT,00533000003mVTqAAM,2017-05-30 00:00:00
0033300001tuc6TAAQ,00533000003mVTqAAM,2017-05-30 00:00:00
0034000001beImDAAU,00540000002k7kAAAQ,2017-05-30 00:00:00
003f300001udA0FAAU,00540000002j9LLAAY,2017-05-31 00:00:00
003400000165QFxAAM,00540000002kNQmAAM,2017-05-31 00:00:00
0033300001rUfdkAAC,00533000002mY90AAE,2017-05-31 00:00:00
00340000019lakFAAQ,00533000002mY90AAE,2017-05-31 00:00:00
0034000001WVvRFAA1,00533000003mVTqAAM,2017-05-31 00:00:00
0034000001OnmhyAAB,005330000045SGDAA2,2017-05-31 00:00:00
0034000001BPja2AAD,00540000002j9LGAAY,2017-05-31 00:00:00
00340000018iUS2AAM,00533000002mY90AAE,2017-05-31 00:00:00
00340000019k2MkAAI,00533000002mY8pAAE,2017-05-31 00:00:00
003400000110PEtAAM,00533000003mVTqAAM,2017-05-31 00:00:00
0034000000osZTsAAM,00533000003mRApAAM,2017-05-31 00:00:00
0034000000oavTSAAY,00533000003jwHRAAY,2017-05-31 00:00:00
0033300001o1rvJAAQ,00540000002j9LGAAY,2017-05-31 00:00:00
0033300001fKOkLAAW,005330000045nicAAA,2017-05-31 00:00:00
0034000001RQpAHAA1,005330000045SGDAA2,2017-05-31 00:00:00
0034000001TyaLmAAJ,005400000024a7uAAA,2017-05-31 00:00:00
0034000000qzouRAAQ,00533000002mY8pAAE,2017-05-31 00:00:00
0034000000csiwUAAQ,00533000003mVTqAAM,2017-05-31 00:00:00
0033300001krfKsAAI,00533000003jwHRAAY,2017-05-31 00:00:00
0034000000r0zQRAAY,00533000002mY90AAE,2017-05-31 00:00:00
0034000000cqiy0AAA,00533000003mVTqAAM,2017-05-31 00:00:00
0034000000hfZxOAAU,00533000002mY8pAAE,2017-05-31 00:00:00
0034000000crRRiAAM,005330000045nicAAA,2017-06-01 00:00:00
0034000000hdk4CAAQ,00540000002j9LGAAY,2017-06-01 00:00:00
00340000017hANHAA2,00533000002mY90AAE,2017-06-01 00:00:00
0034000000uWTKPAA4,00533000002mOerAAE,2017-06-01 00:00:00
0034000000vrQ7eAAE,00533000002mOerAAE,2017-06-01 00:00:00
0034000000k2BT0AAM,00540000001EzegAAC,2017-06-01 00:00:00
0034000000flqb0AAA,00533000002mOerAAE,2017-06-01 00:00:00
0034000000flMjCAAU,00533000003mVTqAAM,2017-06-01 00:00:00
0034000000fFrqTAAS,00533000003mVTqAAM,2017-06-01 00:00:00
0033300001rU5xVAAS,00540000002j9LLAAY,2017-06-01 00:00:00
0033300001i29XOAAY,00540000002j9LGAAY,2017-06-01 00:00:00
0034000001MpG8LAAV,00540000002j9LLAAY,2017-06-01 00:00:00
0034000001BRflcAAD,00540000001EzegAAC,2017-06-01 00:00:00
0034000001JTyFyAAL,00533000003mVTqAAM,2017-06-01 00:00:00
00340000011OqCwAAK,00533000002mOerAAE,2017-06-01 00:00:00
0034000001BPja2AAD,00540000002j9LGAAY,2017-06-01 00:00:00
0034000001MSlJEAA1,00540000002j9LGAAY,2017-06-01 00:00:00
0034000001NbEhAAAV,00533000004TsbUAAS,2017-06-01 00:00:00
0034000001azRrKAAU,005330000045SG8AAM,2017-06-02 00:00:00
0034000001BSNpmAAH,00540000002j9LGAAY,2017-06-02 00:00:00
0034000001BTKtEAAX,00533000002mOehAAE,2017-06-02 00:00:00
0034000000oA7vZAAS,00533000002mOerAAE,2017-06-02 00:00:00
0034000000lkDHnAAM,00540000002j9LGAAY,2017-06-02 00:00:00
0033300001fKkCLAA0,005400000026VEuAAM,2017-06-02 00:00:00
0033300001gC7BJAA0,00540000002j9LGAAY,2017-06-02 00:00:00
0034000000OLfF5AAL,00533000002mOerAAE,2017-06-02 00:00:00
0034000000avJyzAAE,00540000002j9LGAAY,2017-06-02 00:00:00
0034000000mLJ59AAG,00540000001kNrMAAU,2017-06-05 00:00:00
0034000000mLJ59AAG,00540000001kNrMAAU,2017-06-05 00:00:00
0034000000mtVltAAE,00533000003mVTqAAM,2017-06-05 00:00:00
0034000000soy6nAAA,00533000002mOerAAE,2017-06-05 00:00:00
0034000000QEkUtAAL,00540000001kNrMAAU,2017-06-05 00:00:00
0033300001gBtt4AAC,00533000004Tsl0AAC,2017-06-05 00:00:00
0033300001fKTMrAAO,00540000002j9LGAAY,2017-06-05 00:00:00
0033300001fKTMrAAO,00540000002j9LGAAY,2017-06-05 00:00:00
0034000000naRvRAAU,00540000002j9LGAAY,2017-06-05 00:00:00
00340000018iZDmAAM,00533000002mOerAAE,2017-06-05 00:00:00
0033300001pjgNyAAI,00540000001kNrMAAU,2017-06-05 00:00:00
0034000001AwBXOAA3,00533000003mVTqAAM,2017-06-05 00:00:00
0034000001O6Z8gAAF,00540000002j9LGAAY,2017-06-05 00:00:00
0034000001GGoM9AAL,00540000002j9LGAAY,2017-06-05 00:00:00
0034000001BTzzQAAT,00540000002j9LGAAY,2017-06-05 00:00:00
0034000001BQ4TMAA1,00540000002j9LGAAY,2017-06-05 00:00:00
0034000000pA1jMAAS,00533000003mVTqAAM,2017-06-05 00:00:00
0034000001PJrKwAAL,00533000002mY8pAAE,2017-06-05 00:00:00
0034000001Kziz1AAB,00540000002j9LGAAY,2017-06-05 00:00:00
0034000001ZaW8fAAF,00540000002j9LGAAY,2017-06-06 00:00:00
0034000001WTc2dAAD,00533000002mY90AAE,2017-06-06 00:00:00
0034000001NF1WlAAL,00540000001EzegAAC,2017-06-06 00:00:00
00340000019mnBcAAI,00533000002mY8pAAE,2017-06-06 00:00:00
0034000001BRT2SAAX,00540000001EzegAAC,2017-06-06 00:00:00
0034000001BRbQmAAL,00540000001EzegAAC,2017-06-06 00:00:00
0034000001M6AJMAA3,00533000002mY90AAE,2017-06-06 00:00:00
0034000001N3gHUAAZ,00533000002mY90AAE,2017-06-06 00:00:00
0034000001BSBXXAA5,00533000002mY8pAAE,2017-06-06 00:00:00
0034000001BSBXXAA5,00533000002mY8pAAE,2017-06-06 00:00:00
00340000010hnYyAAI,00540000001EzegAAC,2017-06-06 00:00:00
00340000011QAgaAAG,00533000002mY8pAAE,2017-06-06 00:00:00
0034000001128VHAAY,00533000003mRApAAM,2017-06-06 00:00:00
0034000000lhPo6AAE,00533000002mY8pAAE,2017-06-06 00:00:00
0033300001ejkhAAAQ,005330000045SGDAA2,2017-06-06 00:00:00
0033300001gBtt4AAC,00533000004Tsl0AAC,2017-06-06 00:00:00
0033300001gBtt4AAC,00533000004Tsl0AAC,2017-06-06 00:00:00
0034000001N5yU7AAJ,00533000003mVTqAAM,2017-06-06 00:00:00
0033300001iRJxUAAW,00540000002j9LGAAY,2017-06-06 00:00:00
0034000000WxVkoAAF,005330000045nicAAA,2017-06-06 00:00:00
0034000000kmKeiAAE,00540000001EzegAAC,2017-06-06 00:00:00
0034000000kfjQUAAY,00533000003SqaRAAS,2017-06-06 00:00:00
0033300001krhv0AAA,005330000045SGDAA2,2017-06-06 00:00:00
0034000000fxy5kAAA,00533000002mY90AAE,2017-06-06 00:00:00
0034000000k2Hz3AAE,00533000002mY8pAAE,2017-06-06 00:00:00
0034000000soSmUAAU,00540000001EzegAAC,2017-06-06 00:00:00
0034000001682rbAAA,00540000001EzegAAC,2017-06-06 00:00:00
0034000000tC4aeAAC,00533000002mY8pAAE,2017-06-06 00:00:00
0034000000tA65gAAC,00540000001EzegAAC,2017-06-06 00:00:00
0034000000tCdOUAA0,00533000002mOerAAE,2017-06-06 00:00:00
0034000000wVurvAAC,00533000002mY90AAE,2017-06-06 00:00:00
0034000000vrQ7eAAE,00533000002mOerAAE,2017-06-06 00:00:00
00340000017kIrhAAE,00533000002mY8pAAE,2017-06-06 00:00:00
00340000017jzPVAAY,00533000002mY8pAAE,2017-06-06 00:00:00
00340000017ijePAAQ,00533000002mY8pAAE,2017-06-06 00:00:00
0034000001AuFHFAA3,00533000002mY8pAAE,2017-06-06 00:00:00
0034000000mtgnwAAA,00540000002kNQmAAM,2017-06-06 00:00:00
0034000000sKrfZAAS,00533000002mY90AAE,2017-06-06 00:00:00
0034000000in1RJAAY,00533000002mY8pAAE,2017-06-06 00:00:00
0034000000sNYMyAAO,005330000046424AAA,2017-06-06 00:00:00
0034000000avKetAAE,00540000001EzegAAC,2017-06-06 00:00:00
0034000000crJsbAAE,00540000001EzegAAC,2017-06-06 00:00:00
0034000000inzzAAAQ,00540000001EzegAAC,2017-06-06 00:00:00
0034000000iq05nAAA,00533000002mY8pAAE,2017-06-06 00:00:00
0034000000dyC20AAE,00533000002mY8pAAE,2017-06-06 00:00:00
0034000000dv0fzAAA,00533000002mY8pAAE,2017-06-06 00:00:00
0034000000u4yMrAAI,00533000002mY8pAAE,2017-06-07 00:00:00
0034000000u4yMrAAI,00533000002mY8pAAE,2017-06-07 00:00:00
0034000000ioVx1AAE,00540000001EzegAAC,2017-06-07 00:00:00
0034000000iq05nAAA,00533000002mY8pAAE,2017-06-07 00:00:00
0034000000avKdJAAU,00540000001EzegAAC,2017-06-07 00:00:00
0034000000avK6PAAU,00533000002mOerAAE,2017-06-07 00:00:00
0034000000nEWREAA4,00533000002mY8pAAE,2017-06-07 00:00:00
0034000000csYdaAAE,00533000003mVTqAAM,2017-06-07 00:00:00
0034000000VGswVAAT,00540000001EzegAAC,2017-06-07 00:00:00
0034000000vrQ7eAAE,00533000002mOerAAE,2017-06-07 00:00:00
00340000016tqTnAAI,00533000003mRApAAM,2017-06-07 00:00:00
0034000000kIQtJAAW,00540000001EzegAAC,2017-06-07 00:00:00
0034000000qYIX4AAO,00533000002mOerAAE,2017-06-07 00:00:00
0034000000gqWKtAAM,00533000002mOerAAE,2017-06-07 00:00:00
0034000000jQJ4fAAG,00533000002mZPnAAM,2017-06-07 00:00:00
0034000000kJSuUAAW,005330000045nicAAA,2017-06-07 00:00:00
0033300001ljmJQAAY,00540000001EzegAAC,2017-06-07 00:00:00
0033300001oz4DAAAY,00533000003mRApAAM,2017-06-07 00:00:00
0033300001rSoy1AAC,00533000004TsbKAAS,2017-06-07 00:00:00
0034000000ljeurAAA,00540000001EzegAAC,2017-06-07 00:00:00
0034000000lLZI8AAO,0054000000260QoAAI,2017-06-07 00:00:00
00340000010gh34AAA,00540000001EzegAAC,2017-06-07 00:00:00
0034000001BSDThAAP,00540000002j9LGAAY,2017-06-07 00:00:00
0034000001BRoApAAL,00540000002j9LGAAY,2017-06-07 00:00:00
0034000001BR9r8AAD,00533000002mY8pAAE,2017-06-07 00:00:00
0034000001IZeEXAA1,00533000002mY8pAAE,2017-06-07 00:00:00
0034000001QmQmRAAV,00540000001EzegAAC,2017-06-07 00:00:00
0034000001BU7QFAA1,00533000002mY8pAAE,2017-06-07 00:00:00
0034000001BU7QFAA1,00533000002mY8pAAE,2017-06-07 00:00:00
0034000001BSpAKAA1,00533000002mY8pAAE,2017-06-07 00:00:00
0034000001BReWgAAL,00533000004TsbKAAS,2017-06-07 00:00:00
0034000001ZdGcZAAV,00540000002j9LGAAY,2017-06-07 00:00:00
0034000001BSAFNAA5,00540000001EzegAAC,2017-06-07 00:00:00
0034000001cYxv4AAC,00533000003SqaRAAS,2017-06-08 00:00:00
0034000001PKjLzAAL,00533000003mRApAAM,2017-06-08 00:00:00
0034000001PLUALAA5,00533000002mY8pAAE,2017-06-08 00:00:00
0034000001BSnN0AAL,00533000002mY90AAE,2017-06-08 00:00:00
0034000001BSnN0AAL,00533000002mY90AAE,2017-06-08 00:00:00
0034000001MpE9sAAF,00533000003SqaRAAS,2017-06-08 00:00:00
0034000001M6AJMAA3,00533000002mY90AAE,2017-06-08 00:00:00
0034000001NbvoEAAR,005330000045nicAAA,2017-06-08 00:00:00
0034000001BSBBAAA5,00533000002mY8pAAE,2017-06-08 00:00:00
0034000001BSBBAAA5,00533000002mY8pAAE,2017-06-08 00:00:00
0033300001rSMAKAA4,00533000002mZPnAAM,2017-06-08 00:00:00
00340000018iJgZAAU,00540000002k7lmAAA,2017-06-08 00:00:00
0034000000YYBLYAA5,00533000002mOerAAE,2017-06-08 00:00:00
0034000000jS2tvAAC,00533000003jwHRAAY,2017-06-08 00:00:00
0034000000j8ob5AAA,00533000003jwHRAAY,2017-06-08 00:00:00
0034000000fxy5kAAA,00533000002mY90AAE,2017-06-08 00:00:00
0034000000flvjeAAA,00533000003jwHRAAY,2017-06-08 00:00:00
0034000000flvjeAAA,00533000003jwHRAAY,2017-06-08 00:00:00
0033300001iVVV4AAO,005330000045l1CAAQ,2017-06-08 00:00:00
0033300001jwrkPAAQ,00533000003SqaRAAS,2017-06-08 00:00:00
0033300001fL5j7AAC,00533000003SqaRAAS,2017-06-08 00:00:00
0034000001TyqmjAAB,00533000003jwHRAAY,2017-06-08 00:00:00
0033300001fKRxuAAG,00533000002mY90AAE,2017-06-08 00:00:00
0033300001emJGUAA2,00533000002mOerAAE,2017-06-08 00:00:00
0033300001fKRpfAAG,005330000045SG8AAM,2017-06-08 00:00:00
0034000000wVbefAAC,00533000004Tsl0AAC,2017-06-08 00:00:00
0034000000vFA5LAAW,00533000002mY8pAAE,2017-06-08 00:00:00
0034000001AuDvsAAF,00533000003SqaRAAS,2017-06-08 00:00:00
00340000018HHjfAAG,00533000002mY90AAE,2017-06-08 00:00:00
0034000000r0zQRAAY,00533000002mY90AAE,2017-06-08 00:00:00
0034000000qBzCvAAK,00540000002j9LGAAY,2017-06-08 00:00:00
0034000000soR2MAAU,00533000002mY8pAAE,2017-06-08 00:00:00
0034000000avJh7AAE,00533000002mY90AAE,2017-06-08 00:00:00
0034000000avK83AAE,005400000026VEuAAM,2017-06-08 00:00:00
0034000000hg6pdAAA,00533000003jwHRAAY,2017-06-08 00:00:00
0034000000iYaS3AAK,00533000003jwHRAAY,2017-06-08 00:00:00
0034000000iYaS3AAK,00540000001FEymAAG,2017-06-09 00:00:00
0034000000rNsXbAAK,00533000002mY8pAAE,2017-06-09 00:00:00
00340000018Fyn0AAC,00540000002j9LGAAY,2017-06-09 00:00:00
0034000000xzSG1AAM,00533000002mY8pAAE,2017-06-09 00:00:00
0034000000srXOcAAM,00533000002mY8pAAE,2017-06-09 00:00:00
0033300001fKTMrAAO,00540000002j9LGAAY,2017-06-09 00:00:00
0033300001ejtvFAAQ,00533000002mY8pAAE,2017-06-09 00:00:00
0033300001dKcdFAAS,00533000002mY8pAAE,2017-06-09 00:00:00
0033300001eExD8AAK,00540000002j9LGAAY,2017-06-09 00:00:00
0033300001pUAkkAAG,00533000002mY8pAAE,2017-06-09 00:00:00
0034000000oA7vZAAS,00533000002mOerAAE,2017-06-09 00:00:00
0034000000oBswIAAS,00533000002mY8pAAE,2017-06-09 00:00:00
0034000001BS3uaAAD,00533000002mY9TAAU,2017-06-09 00:00:00
0034000001BS1uqAAD,00533000002mY90AAE,2017-06-09 00:00:00
0034000001OkS5QAAV,00533000002mY90AAE,2017-06-09 00:00:00
0034000001BUAMCAA5,00533000002mY8pAAE,2017-06-09 00:00:00
00340000014dTpoAAE,005400000026VEuAAM,2017-06-09 00:00:00
0034000001Atqx7AAB,00540000002j9LGAAY,2017-06-09 00:00:00
0034000001ZZxNYAA1,00533000002mY8pAAE,2017-06-09 00:00:00
0033300001tYLEcAAO,005330000045SGDAA2,2017-06-12 00:00:00
003400000166ZlfAAE,00533000004TsbKAAS,2017-06-12 00:00:00
0034000001PKLSsAAP,00540000002j9LGAAY,2017-06-12 00:00:00
0034000001Udpk7AAB,0054000000253fqAAA,2017-06-12 00:00:00
0034000001VL6pFAAT,005330000045l1CAAQ,2017-06-12 00:00:00
0033300001rV1ktAAC,00533000002mY90AAE,2017-06-12 00:00:00
0034000001BgKOEAA3,00533000002mY8pAAE,2017-06-12 00:00:00
0034000001Kdf5MAAR,00540000002jZDHAA2,2017-06-12 00:00:00
0034000001BSC9qAAH,00540000001EzegAAC,2017-06-12 00:00:00
0034000001BQ3KhAAL,005400000026smOAAQ,2017-06-12 00:00:00
0034000001AvJz9AAF,00533000002mY8pAAE,2017-06-12 00:00:00
0034000000ot3p3AAA,00540000001EzegAAC,2017-06-12 00:00:00
0033300001fKRxuAAG,00533000002mY90AAE,2017-06-12 00:00:00
0033300001fKSI3AAO,005330000045SG8AAM,2017-06-12 00:00:00
0034000001N60CIAAZ,005330000045l1CAAQ,2017-06-12 00:00:00
0033300001fLBodAAG,005330000045nicAAA,2017-06-12 00:00:00
00340000011SjZYAA0,00533000003jwVxAAI,2017-06-12 00:00:00
00340000016sqSwAAI,00533000003meIXAAY,2017-06-12 00:00:00
0034000000tCl67AAC,00540000002jZDHAA2,2017-06-12 00:00:00
00340000012RKBbAAO,00540000002j9LGAAY,2017-06-12 00:00:00
0034000000yYhZkAAK,00533000002mOerAAE,2017-06-12 00:00:00
00340000017kxptAAA,005400000012cUtAAI,2017-06-12 00:00:00
00340000017kxptAAA,005400000026smOAAQ,2017-06-12 00:00:00
0034000000qYIX4AAO,00533000002mOerAAE,2017-06-12 00:00:00
0033300001lk3jCAAQ,00540000002j9LGAAY,2017-06-12 00:00:00
0034000000rPDbqAAG,00540000001EzegAAC,2017-06-12 00:00:00
0034000000avK6PAAU,00533000002mOerAAE,2017-06-12 00:00:00
0034000000avKS4AAM,00540000002jZDHAA2,2017-06-12 00:00:00
0034000000iC7ovAAC,00540000002lmp8AAA,2017-06-13 00:00:00
0034000000rOW5iAAG,00533000002mY8eAAE,2017-06-13 00:00:00
0033300001krZu3AAE,0054000000254LvAAI,2017-06-13 00:00:00
0033300001jwzyiAAA,00533000004TxShAAK,2017-06-13 00:00:00
0033300001rTlyKAAS,00533000002mYG1AAM,2017-06-13 00:00:00
0034000000yZViyAAG,00540000002j9LGAAY,2017-06-13 00:00:00
0033300001fhncNAAQ,00533000003jwVxAAI,2017-06-13 00:00:00
0033300001fKW9VAAW,00533000004TsbKAAS,2017-06-13 00:00:00
0033300001fKjO7AAK,005330000045l1CAAQ,2017-06-13 00:00:00
0033300001emIpgAAE,00540000001IcKPAA0,2017-06-13 00:00:00
0033300001ekG62AAE,00533000002mYG1AAM,2017-06-13 00:00:00
0033300001pV2I7AAK,005330000045SGDAA2,2017-06-13 00:00:00
0033300001oz4DAAAY,00533000003mRApAAM,2017-06-13 00:00:00
0033300001rTWKAAA4,00533000002mYG1AAM,2017-06-13 00:00:00
0033300001oXUVHAA4,005330000045SGDAA2,2017-06-13 00:00:00
0034000000kL6dOAAS,00540000002lmp8AAA,2017-06-13 00:00:00
0034000000jiPuxAAE,005330000045nicAAA,2017-06-13 00:00:00
0034000000gNj0DAAS,00540000001IcKPAA0,2017-06-13 00:00:00
0034000000kmwwPAAQ,00533000002mOerAAE,2017-06-13 00:00:00
0034000000jQJecAAG,005400000026VEuAAM,2017-06-13 00:00:00
0034000000fFdr9AAC,005400000026smOAAQ,2017-06-13 00:00:00
0034000000na7ReAAI,00533000003SqaRAAS,2017-06-13 00:00:00
0034000000oA7vZAAS,00533000002mOerAAE,2017-06-13 00:00:00
003400000100oqKAAQ,0054000000254LvAAI,2017-06-13 00:00:00
00340000010gETYAA2,00533000002mY8pAAE,2017-06-13 00:00:00
003400000102MIaAAM,00533000002mY8pAAE,2017-06-13 00:00:00
0034000001AvQjZAAV,00533000003jwVxAAI,2017-06-13 00:00:00
00340000018IJSZAA4,00533000004TsbKAAS,2017-06-13 00:00:00
0034000001OkSETAA3,00540000002j9LGAAY,2017-06-13 00:00:00
0034000001BRrN3AAL,005330000045nicAAA,2017-06-13 00:00:00
0034000001BRsDPAA1,00533000002mY90AAE,2017-06-13 00:00:00
0034000000owBjuAAE,005330000045nicAAA,2017-06-13 00:00:00
0034000001BTxhpAAD,00533000002mY8pAAE,2017-06-13 00:00:00
0034000001XjkR2AAJ,00540000002lmp8AAA,2017-06-13 00:00:00
0034000001VybKpAAJ,0054000000254LvAAI,2017-06-13 00:00:00
0034000001GFq1eAAD,00533000002mY90AAE,2017-06-13 00:00:00
0034000001JUWpLAAX,005330000045SGDAA2,2017-06-13 00:00:00
0034000001SExnuAAD,00533000002mY90AAE,2017-06-13 00:00:00
0034000001KxSipAAF,00533000002mOerAAE,2017-06-13 00:00:00
003400000166hEJAAY,00533000002mY90AAE,2017-06-13 00:00:00
0034000001AsxD3AAJ,00533000003mRApAAM,2017-06-13 00:00:00
0034000001azAt8AAE,00533000002mY8pAAE,2017-06-13 00:00:00
003400000165feZAAQ,005330000045nicAAA,2017-06-13 00:00:00
003400000165feZAAQ,005330000045nicAAA,2017-06-13 00:00:00
0034000001Atw2FAAR,00533000002mY90AAE,2017-06-13 00:00:00
0034000001aPIVmAAO,0054000000254LvAAI,2017-06-13 00:00:00
00340000014chIEAAY,00533000002mY8pAAE,2017-06-13 00:00:00
003f300001udiuvAAA,00533000002mYG1AAM,2017-06-13 00:00:00
003f300001udNXsAAM,00533000002mYG1AAM,2017-06-13 00:00:00
003f300001udlWVAAY,00533000002mYG1AAM,2017-06-14 00:00:00
003f300001udA0FAAU,00540000002j9LLAAY,2017-06-14 00:00:00
00340000014cwj1AAA,005400000024znbAAA,2017-06-14 00:00:00
0034000001AtYFmAAN,00540000001EzegAAC,2017-06-14 00:00:00
0034000001NcDrnAAF,005330000045l1CAAQ,2017-06-14 00:00:00
0034000001NdYJOAA3,00533000002mY90AAE,2017-06-14 00:00:00
0034000001GFRyiAAH,00533000002mY8eAAE,2017-06-14 00:00:00
0033300001rVAJ6AAO,005330000045l1CAAQ,2017-06-14 00:00:00
0034000001BTxhpAAD,00533000002mY8pAAE,2017-06-14 00:00:00
0034000000pAmIzAAK,00533000002mY90AAE,2017-06-14 00:00:00
0034000000pdmoVAAQ,00540000002kNQmAAM,2017-06-14 00:00:00
0034000000pfB80AAE,005400000012cUtAAI,2017-06-14 00:00:00
0034000001Nb3OPAAZ,00533000002mY8pAAE,2017-06-14 00:00:00
0034000001BRvjMAAT,00540000002j9LGAAY,2017-06-14 00:00:00
0034000001BRiHxAAL,00540000002lmp8AAA,2017-06-14 00:00:00
0034000001Q2oT8AAJ,00533000002mOerAAE,2017-06-14 00:00:00
0034000001Qq4F7AAJ,005330000045nicAAA,2017-06-14 00:00:00
0034000001SEn6AAAT,00533000002mY90AAE,2017-06-14 00:00:00
0034000001M6AJMAA3,00533000002mY90AAE,2017-06-14 00:00:00
0034000001OnUGrAAN,00533000002mYG1AAM,2017-06-14 00:00:00
00340000011QAgaAAG,00533000002mY8pAAE,2017-06-14 00:00:00
0034000001AwDIGAA3,00533000004TxS8AAK,2017-06-14 00:00:00
0034000001AwDIcAAN,00533000002mYG1AAM,2017-06-14 00:00:00
003400000102hHiAAI,00533000002mYG1AAM,2017-06-14 00:00:00
003400000100mU8AAI,00540000002lmp8AAA,2017-06-14 00:00:00
0034000000mKjflAAC,00533000003jwVxAAI,2017-06-14 00:00:00
0033300001rSTICAA4,00533000002mYG1AAM,2017-06-14 00:00:00
0034000000l8oD0AAI,00533000002mY90AAE,2017-06-14 00:00:00
0034000000oa9S5AAI,0054000000254LvAAI,2017-06-14 00:00:00
0034000000l6ipdAAA,00533000004TxS8AAK,2017-06-14 00:00:00
0034000000fksCgAAI,00533000004TxS8AAK,2017-06-14 00:00:00
0033300001fKQpJAAW,00533000002mY90AAE,2017-06-14 00:00:00
0034000000flqb0AAA,00533000002mOerAAE,2017-06-14 00:00:00
0034000000fySBIAA2,00540000002kNQmAAM,2017-06-14 00:00:00
0034000000qYIX4AAO,00533000002mOerAAE,2017-06-14 00:00:00
0034000000YryFRAAZ,00533000003jwVxAAI,2017-06-14 00:00:00
0034000000RzlIjAAJ,00533000002mY8eAAE,2017-06-14 00:00:00
0033300001rTXOCAA4,00533000002mY8eAAE,2017-06-14 00:00:00
0033300001rTK7KAAW,00533000002mYG1AAM,2017-06-14 00:00:00
0033300001ekG62AAE,00533000002mY8eAAE,2017-06-14 00:00:00
0033300001eExD8AAK,00540000002j9LGAAY,2017-06-14 00:00:00
0033300001fKTpmAAG,00533000003mRApAAM,2017-06-14 00:00:00
0033300001fKRxuAAG,00533000002mY90AAE,2017-06-14 00:00:00
0033300001fL3WGAA0,00540000002lmp8AAA,2017-06-14 00:00:00
0034000001N3nAGAAZ,00533000004TxS8AAK,2017-06-14 00:00:00
0033300001mjCX7AAM,00540000002j9LGAAY,2017-06-14 00:00:00
0033300001fM1NlAAK,00533000002mY8eAAE,2017-06-14 00:00:00
0034000000yc6ATAAY,00533000002mY8pAAE,2017-06-14 00:00:00
00340000017joe0AAA,00540000002j9LGAAY,2017-06-14 00:00:00
00340000018jmUZAAY,00540000001IcKPAA0,2017-06-14 00:00:00
0034000000x9rbwAAA,00540000002kNQmAAM,2017-06-14 00:00:00
0034000000xZYVqAAO,00533000002mY8eAAE,2017-06-14 00:00:00
0034000000t9DfEAAU,00533000002mOerAAE,2017-06-14 00:00:00
00340000016tmLfAAI,00533000003mRApAAM,2017-06-14 00:00:00
0034000000sr9wHAAQ,00540000002j9LGAAY,2017-06-14 00:00:00
0034000000srelDAAQ,0054000000254LvAAI,2017-06-14 00:00:00
0033300001rTlgqAAC,00533000003jwXtAAI,2017-06-14 00:00:00
0034000000rlmA1AAI,005400000024znbAAA,2017-06-14 00:00:00
0034000000iq05nAAA,00533000002mY8pAAE,2017-06-14 00:00:00
0034000000hT8x0AAC,0054000000254LvAAI,2017-06-14 00:00:00
0034000000csxcKAAQ,00533000002mY9TAAU,2017-06-15 00:00:00
0034000000avKjOAAU,00533000002mY9TAAU,2017-06-15 00:00:00
0034000000avKR9AAM,00533000002mY9TAAU,2017-06-15 00:00:00
0034000000mM5zyAAC,00533000002mY9TAAU,2017-06-15 00:00:00
0033300001gh9LNAAY,005400000026smOAAQ,2017-06-15 00:00:00
0034000000qzxOUAAY,00533000002mY9TAAU,2017-06-15 00:00:00
0033300001rTw38AAC,00533000002mY8eAAE,2017-06-15 00:00:00
0034000000V4ddhAAB,00533000002mY9TAAU,2017-06-15 00:00:00
00340000011RSrtAAG,00533000002mY9TAAU,2017-06-15 00:00:00
0034000000sohD8AAI,00533000002mY9TAAU,2017-06-15 00:00:00
0034000000fDcuxAAC,005400000022wpaAAA,2017-06-15 00:00:00
0034000001FByi8AAD,005400000022wpaAAA,2017-06-15 00:00:00
0034000000yZMmkAAG,00533000002mY9TAAU,2017-06-15 00:00:00
0034000000vHRiAAAW,00533000002mOerAAE,2017-06-15 00:00:00
0034000000vHVrTAAW,00533000002mY9TAAU,2017-06-15 00:00:00
0033300001fM1NlAAK,00533000002mY8eAAE,2017-06-15 00:00:00
0033300001isI6UAAU,005400000022wpaAAA,2017-06-15 00:00:00
0033300001iuDsKAAU,00540000002lmp8AAA,2017-06-15 00:00:00
0033300001jwoQPAAY,00533000003jwHRAAY,2017-06-15 00:00:00
0033300001iqpUkAAI,00533000002mY8eAAE,2017-06-15 00:00:00
0034000001NCGdBAAX,005400000026smOAAQ,2017-06-15 00:00:00
0033300001fLEJpAAO,005330000045SGDAA2,2017-06-15 00:00:00
0033300001fKbBaAAK,00533000002mY8eAAE,2017-06-15 00:00:00
0033300001psnw8AAA,005400000022wpaAAA,2017-06-15 00:00:00
0033300001psj05AAA,00533000002mY9TAAU,2017-06-15 00:00:00
0033300001el5n4AAA,00540000002lmp8AAA,2017-06-15 00:00:00
0033300001emTAhAAM,00540000002lmp8AAA,2017-06-15 00:00:00
0033300001rUEoEAAW,00533000002mY8eAAE,2017-06-15 00:00:00
0033300001oXyEqAAK,005330000045l1CAAQ,2017-06-15 00:00:00
0034000000SICmmAAH,00533000002mY9TAAU,2017-06-15 00:00:00
0033300001rU6aCAAS,00533000004TxS8AAK,2017-06-15 00:00:00
0034000000YYBLYAA5,00533000002mOerAAE,2017-06-15 00:00:00
0034000000X02puAAB,00533000002mY9TAAU,2017-06-15 00:00:00
0034000000ZLO3lAAH,00533000002mY9TAAU,2017-06-15 00:00:00
0034000000kIBwYAAW,00533000002mOerAAE,2017-06-15 00:00:00
0034000000fy4hVAAQ,00533000002mY9TAAU,2017-06-15 00:00:00
0034000000grcn7AAA,00533000002mY9TAAU,2017-06-15 00:00:00
0034000000knpcAAAQ,00533000002mY9TAAU,2017-06-15 00:00:00
0034000001AvtTlAAJ,00533000002mY9TAAU,2017-06-15 00:00:00
0034000000lhPFMAA2,00533000002mY9TAAU,2017-06-15 00:00:00
0034000000l8UASAA2,00533000002mY9TAAU,2017-06-15 00:00:00
0034000000lIXcFAAW,005330000045nicAAA,2017-06-15 00:00:00
0034000001AviwDAAR,00533000002mY9TAAU,2017-06-15 00:00:00
0034000001BTJ5pAAH,00540000001kNrMAAU,2017-06-15 00:00:00
0034000001BTJ5pAAH,00540000001kNrMAAU,2017-06-15 00:00:00
0034000001AvQjZAAV,00533000002mY8eAAE,2017-06-15 00:00:00
00340000010hbGfAAI,00533000002mY9QAAU,2017-06-15 00:00:00
0034000001BQmx5AAD,00533000002mY9TAAU,2017-06-15 00:00:00
0034000001BQWHuAAP,005400000026smOAAQ,2017-06-15 00:00:00
0034000001HbNR8AAN,00533000002mY9TAAU,2017-06-15 00:00:00
0034000001M6KCeAAN,00540000002j9LGAAY,2017-06-15 00:00:00
0034000001UfJATAA3,005400000022wpaAAA,2017-06-15 00:00:00
0034000001BU7YmAAL,00533000003SqaRAAS,2017-06-15 00:00:00
0034000001BTlzsAAD,00533000002mY9TAAU,2017-06-15 00:00:00
0034000000owBjuAAE,005330000045nicAAA,2017-06-15 00:00:00
0034000000puHH8AAM,00540000002kNQmAAM,2017-06-15 00:00:00
0034000001MpJNgAAN,005400000022wpaAAA,2017-06-15 00:00:00
0034000001BPjDNAA1,00533000003jwHRAAY,2017-06-15 00:00:00
0034000001NcZVDAA3,00533000002mOerAAE,2017-06-15 00:00:00
0034000001NF3TVAA1,00533000002mOerAAE,2017-06-15 00:00:00
0034000001GEmtvAAD,00533000002mOerAAE,2017-06-15 00:00:00
0034000001JUYhpAAH,00540000002kNQmAAM,2017-06-15 00:00:00
003f300001udpgmAAA,00533000003jwVxAAI,2017-06-15 00:00:00
003f300001udoEaAAI,00533000002mYG1AAM,2017-06-15 00:00:00
003f300001udNXsAAM,00533000002mY8eAAE,2017-06-15 00:00:00
0034000001aOCleAAG,00540000002j9LGAAY,2017-06-16 00:00:00
0034000001YXGfWAAX,005330000045nicAAA,2017-06-16 00:00:00
0034000001KcUIeAAN,00533000002mOerAAE,2017-06-16 00:00:00
0034000001QnG3JAAV,005330000045SG8AAM,2017-06-16 00:00:00
0034000000mKxV9AAK,00540000002j9LGAAY,2017-06-16 00:00:00
0034000000gOViXAAW,00533000002mOerAAE,2017-06-16 00:00:00
0034000000fmx0AAAQ,00540000002j9LGAAY,2017-06-16 00:00:00
0034000000k2WQZAA2,00540000001IcKPAA0,2017-06-16 00:00:00
0034000000kIkXlAAK,00533000002mOerAAE,2017-06-16 00:00:00
0033300001fLMamAAG,005400000024znbAAA,2017-06-16 00:00:00
0033300001gzK2iAAE,00533000003mRApAAM,2017-06-16 00:00:00
0034000000vF0sbAAC,00533000003SqaRAAS,2017-06-16 00:00:00
0034000000xxbQUAAY,00540000002j9LGAAY,2017-06-16 00:00:00
00340000013CtUTAA0,00533000003mRApAAM,2017-06-16 00:00:00
0034000000avJilAAE,00533000002mY90AAE,2017-06-16 00:00:00
00340000017hHDpAAM,005400000022wpaAAA,2017-06-17 00:00:00
0034000001Lk776AAB,005400000022wpaAAA,2017-06-17 00:00:00
0034000001OkS5QAAV,00533000002mY90AAE,2017-06-19 00:00:00
0034000001O8VvtAAF,00533000003SqaRAAS,2017-06-19 00:00:00
0034000001M6AJMAA3,00533000002mY90AAE,2017-06-19 00:00:00
0034000001VKW0AAAX,00540000002j9LGAAY,2017-06-19 00:00:00
0034000000pB6CgAAK,00533000003SqaRAAS,2017-06-19 00:00:00
0034000001BSuELAA1,005400000026VEuAAM,2017-06-19 00:00:00
0034000001BRoYOAA1,00540000002j9LGAAY,2017-06-19 00:00:00
0034000000ljDL7AAM,00533000003mRApAAM,2017-06-19 00:00:00
00340000013DGyOAAW,005400000024jMBAAY,2017-06-19 00:00:00
00340000013D08sAAC,00540000002j9LGAAY,2017-06-19 00:00:00
003400000101uiDAAQ,00533000003mRApAAM,2017-06-19 00:00:00
0034000000naE16AAE,00540000002j9LGAAY,2017-06-19 00:00:00
0034000001BQm2fAAD,00540000001kXBMAA2,2017-06-19 00:00:00
0034000001N3cZNAAZ,00533000003SqaRAAS,2017-06-19 00:00:00
0034000001NcWzXAAV,005400000026VEuAAM,2017-06-19 00:00:00
0034000001PKkilAAD,00540000001kXBMAA2,2017-06-19 00:00:00
0034000001PKkDJAA1,00533000003SqaRAAS,2017-06-19 00:00:00
0034000000hTiV2AAK,00533000003mVTqAAM,2017-06-19 00:00:00
0034000000ioOG9AAM,00533000002mY9TAAU,2017-06-19 00:00:00
0034000000avKjOAAU,00533000002mY9TAAU,2017-06-19 00:00:00
0034000000r1BGNAA2,00533000003SqaRAAS,2017-06-19 00:00:00
0033300001jyyjaAAA,00533000003mVTqAAM,2017-06-19 00:00:00
0034000001UhSzMAAV,00540000001kXBMAA2,2017-06-19 00:00:00
00340000017kajwAAA,00540000001EzegAAC,2017-06-19 00:00:00
0034000000wTWHdAAO,00540000001EzegAAC,2017-06-19 00:00:00
0033300001hSHJjAAO,00533000002mY90AAE,2017-06-19 00:00:00
0033300001fKxrhAAC,00533000003SqaRAAS,2017-06-19 00:00:00
0033300001fKssWAAS,00533000003SqaRAAS,2017-06-19 00:00:00
0033300001el6m2AAA,00533000003SqaRAAS,2017-06-19 00:00:00
0033300001fKKcZAAW,00533000003SqaRAAS,2017-06-19 00:00:00
0033300001eCQXgAAO,00540000001EzegAAC,2017-06-19 00:00:00
0033300001prVf3AAE,005330000045l1CAAQ,2017-06-19 00:00:00
0033300001fKSvRAAW,005330000045SGDAA2,2017-06-19 00:00:00
0034000000k3h3vAAA,00533000003SqaRAAS,2017-06-19 00:00:00
0034000000grjNUAAY,005330000045SGDAA2,2017-06-19 00:00:00
0034000000gqrtfAAA,00533000002mY90AAE,2017-06-19 00:00:00
0034000000l6AWKAA2,005400000024jMBAAY,2017-06-19 00:00:00
0034000000jjIHEAA2,00540000002j9LGAAY,2017-06-19 00:00:00
0034000000kmdhpAAA,00533000003SqaRAAS,2017-06-19 00:00:00
0034000000YVsskAAD,00540000001HFYvAAO,2017-06-19 00:00:00
0034000000WxVkoAAF,005330000045nicAAA,2017-06-20 00:00:00
0033300001rTPMIAA4,00533000003mVTqAAM,2017-06-20 00:00:00
0034000000kenRgAAI,00540000001EzegAAC,2017-06-20 00:00:00
0033300001rRux8AAC,00540000001kXBMAA2,2017-06-20 00:00:00
0034000000gO5gFAAS,00533000003mVTqAAM,2017-06-20 00:00:00
0033300001fKTMrAAO,00540000002j9LGAAY,2017-06-20 00:00:00
0033300001fKl5YAAS,00540000001kXBMAA2,2017-06-20 00:00:00
0033300001fLBodAAG,005330000045nicAAA,2017-06-20 00:00:00
0033300001fhSXeAAM,00533000003mVTqAAM,2017-06-20 00:00:00
0033300001mjH94AAE,005330000045nicAAA,2017-06-20 00:00:00
0034000000u43yAAAQ,00533000002mOerAAE,2017-06-20 00:00:00
00340000016sr9lAAA,00533000002mY90AAE,2017-06-20 00:00:00
00340000016sr9lAAA,00533000002mY90AAE,2017-06-20 00:00:00
00340000016tEsGAAU,005400000024jMBAAY,2017-06-20 00:00:00
0034000000uXFECAA4,00533000003mRApAAM,2017-06-20 00:00:00
0034000000xzR7OAAU,00533000002mOerAAE,2017-06-20 00:00:00
0033300001jy6OlAAI,00540000001kXBMAA2,2017-06-20 00:00:00
0034000000nBrbSAAS,00533000003jwVxAAI,2017-06-20 00:00:00
0034000000nFYq3AAG,00533000002mY90AAE,2017-06-20 00:00:00
0034000000csYdaAAE,00533000003mVTqAAM,2017-06-20 00:00:00
0034000000msbCEAAY,00533000003jwVxAAI,2017-06-20 00:00:00
00340000017hG1UAAU,005330000045nicAAA,2017-06-20 00:00:00
0034000000cro6mAAA,00533000003mRApAAM,2017-06-20 00:00:00
0034000000avKVvAAM,005330000045nicAAA,2017-06-20 00:00:00
0034000000avKVvAAM,005330000045nicAAA,2017-06-20 00:00:00
0034000001PJ4UFAA1,005400000026VEuAAM,2017-06-20 00:00:00
0034000001MSpzzAAD,005330000045nicAAA,2017-06-20 00:00:00
0034000001JW7YKAA1,00533000003mVTqAAM,2017-06-20 00:00:00
0034000001CdCq7AAF,00533000002mOerAAE,2017-06-20 00:00:00
0034000001cZT0eAAG,00533000004TsbKAAS,2017-06-20 00:00:00
003400000164joGAAQ,00533000004TsbKAAS,2017-06-20 00:00:00
0034000001XHb4HAAT,00533000003mVTqAAM,2017-06-20 00:00:00
0034000001650unAAA,005400000026VEuAAM,2017-06-20 00:00:00
0033300001u7R0rAAE,00540000001EzegAAC,2017-06-20 00:00:00
003f300001ue5KyAAI,00540000002j9LGAAY,2017-06-20 00:00:00
003f300001udIorAAE,00540000002jZ7dAAE,2017-06-20 00:00:00
0034000001BQ30EAAT,00533000003jwVxAAI,2017-06-20 00:00:00
0034000001BUAhZAAX,005400000022wpaAAA,2017-06-20 00:00:00
0034000001AvSxnAAF,00533000003jwVxAAI,2017-06-20 00:00:00
0034000001AvEJAAA3,005400000024jMBAAY,2017-06-20 00:00:00
003400000112OTdAAM,00533000003mSI1AAM,2017-06-20 00:00:00
003400000107ptlAAA,005330000045nicAAA,2017-06-20 00:00:00
0034000000oZFn4AAG,00533000003jwHRAAY,2017-06-20 00:00:00
0034000000nZfYyAAK,00540000001kXBMAA2,2017-06-20 00:00:00
0034000000nZfYyAAK,00540000001kXBMAA2,2017-06-20 00:00:00
0034000001AuV9xAAF,00540000002j9LGAAY,2017-06-20 00:00:00
0034000001QnhTeAAJ,005400000026VEuAAM,2017-06-20 00:00:00
0034000001OnVohAAF,00540000002j9LGAAY,2017-06-20 00:00:00
0034000001BU2iBAAT,00540000002j9LGAAY,2017-06-20 00:00:00
0034000001Q5oywAAB,00540000002j9LGAAY,2017-06-20 00:00:00
0034000001MSjAdAAL,00540000002j9LGAAY,2017-06-20 00:00:00
0034000001HBABPAA5,00540000002j9LGAAY,2017-06-21 00:00:00
0033300001o1RC2AAM,00540000002j9LGAAY,2017-06-21 00:00:00
0034000001U0KCyAAN,00533000003mVTqAAM,2017-06-21 00:00:00
0034000000pBE5EAAW,00533000002mY9PAAU,2017-06-21 00:00:00
0034000001BQTs2AAH,00533000002mY9PAAU,2017-06-21 00:00:00
0034000001BTxGMAA1,00540000002j9LGAAY,2017-06-21 00:00:00
00340000012T1pUAAS,00540000001lrG4AAI,2017-06-21 00:00:00
0034000000lLa2yAAC,00533000002mOf6AAE,2017-06-21 00:00:00
0034000000lIHUkAAO,00533000003mVTqAAM,2017-06-21 00:00:00
00340000019k6YVAAY,00533000002mYGBAA2,2017-06-21 00:00:00
0034000001BT4DxAAL,00533000002mOerAAE,2017-06-21 00:00:00
0034000001GEXKOAA5,00533000003jwHRAAY,2017-06-21 00:00:00
003f300001ue8KxAAI,00533000004TsbKAAS,2017-06-21 00:00:00
00340000019lgqBAAQ,00540000001EzegAAC,2017-06-21 00:00:00
0034000001GGLApAAP,005400000024jMBAAY,2017-06-21 00:00:00
0034000001T8lZDAAZ,00540000002j9LGAAY,2017-06-21 00:00:00
0034000001OmZczAAF,00540000002jd3IAAQ,2017-06-21 00:00:00
0034000001KxewNAAR,00533000002mOerAAE,2017-06-21 00:00:00
0034000001VNNyOAAX,005330000045SGDAA2,2017-06-21 00:00:00
0034000001axgn0AAA,00533000002mY90AAE,2017-06-21 00:00:00
0034000001axgvVAAQ,00533000003mVTqAAM,2017-06-21 00:00:00
0034000000iq25TAAQ,005330000045nicAAA,2017-06-21 00:00:00
0034000000rQxrFAAS,00533000003mVTqAAM,2017-06-21 00:00:00
0034000000rNm4JAAS,00533000003gLJtAAM,2017-06-21 00:00:00
0034000000sKrfZAAS,00533000002mY90AAE,2017-06-21 00:00:00
0034000000mM31BAAS,00533000002mY9RAAU,2017-06-21 00:00:00
0034000000rk2VCAAY,00533000004TxShAAK,2017-06-21 00:00:00
0034000000vJ3LAAA0,00533000002mY8bAAE,2017-06-21 00:00:00
0034000000vs7uRAAQ,00533000002mYG8AAM,2017-06-21 00:00:00
00340000019iprcAAA,00540000002kNQmAAM,2017-06-21 00:00:00
0034000000xb3sMAAQ,00533000003jwHRAAY,2017-06-21 00:00:00
00340000016vaerAAA,00533000003gLJtAAM,2017-06-21 00:00:00
0034000000wVurvAAC,00533000002mY90AAE,2017-06-21 00:00:00
0033300001gB3UuAAK,00533000003mVTqAAM,2017-06-21 00:00:00
0033300001gzahCAAQ,00533000004TxS8AAK,2017-06-21 00:00:00
0033300001hSe8QAAS,00540000001kXBMAA2,2017-06-21 00:00:00
0033300001hRqDAAA0,00533000002mY9QAAU,2017-06-21 00:00:00
0033300001fLM9cAAG,005330000045SG8AAM,2017-06-21 00:00:00
0033300001fKSTIAA4,00533000002mY90AAE,2017-06-21 00:00:00
0033300001fKW9qAAG,005330000045SG8AAM,2017-06-21 00:00:00
0033300001pqxekAAA,00533000002mOerAAE,2017-06-21 00:00:00
0033300001emUmTAAU,00533000003mVTqAAM,2017-06-21 00:00:00
0033300001el590AAA,00533000002miCjAAI,2017-06-21 00:00:00
0033300001el590AAA,00533000002miCjAAI,2017-06-21 00:00:00
0033300001elR45AAE,00533000002mOehAAE,2017-06-21 00:00:00
0033300001dLfm8AAC,00533000002mY8nAAE,2017-06-21 00:00:00
0034000001BQAQFAA5,00533000003mVTqAAM,2017-06-21 00:00:00
0034000000kobEeAAI,00540000002kNQmAAM,2017-06-21 00:00:00
0033300001oaMpEAAU,005400000026VEuAAM,2017-06-21 00:00:00
0033300001oXkfVAAS,005330000045nicAAA,2017-06-22 00:00:00
0033300001rSsU6AAK,00533000003mSI1AAM,2017-06-22 00:00:00
0033300001rU6aCAAS,00533000004TxS8AAK,2017-06-22 00:00:00
0034000000kndrXAAQ,00533000003mVTqAAM,2017-06-22 00:00:00
0033300001elR45AAE,00533000003SqaRAAS,2017-06-22 00:00:00
0033300001ejRFGAA2,00533000004TxM5AAK,2017-06-22 00:00:00
0033300001emNbGAAU,00533000004TxS8AAK,2017-06-22 00:00:00
0033300001emi8TAAQ,00533000002mYGEAA2,2017-06-22 00:00:00
0033300001hSHJjAAO,00533000002mY90AAE,2017-06-22 00:00:00
0034000000xaC0XAAU,00540000002j9LGAAY,2017-06-22 00:00:00
0034000000xZqqAAAS,00540000002j9LGAAY,2017-06-22 00:00:00
0034000000wTWHdAAO,00540000001EzegAAC,2017-06-22 00:00:00
0034000000t9DfEAAU,00533000002mOerAAE,2017-06-22 00:00:00
0034000000srUd1AAE,005400000024znbAAA,2017-06-22 00:00:00
0034000000y0CGGAA2,00540000001IcKPAA0,2017-06-22 00:00:00
0033300001pXozTAAS,00533000003hogtAAA,2017-06-22 00:00:00
0034000000MOnF6AAL,00533000003SqaRAAS,2017-06-22 00:00:00
0034000000mM31BAAS,00533000003SqaRAAS,2017-06-22 00:00:00
0034000000mrCvuAAE,005330000045nicAAA,2017-06-22 00:00:00
0034000000ctAuNAAU,00533000003gLJtAAM,2017-06-22 00:00:00
0034000000ioIYCAA2,00533000004TxM5AAK,2017-06-22 00:00:00
0034000000avKniAAE,005400000024znbAAA,2017-06-22 00:00:00
0034000001ZaBBrAAN,00533000003SqaRAAS,2017-06-22 00:00:00
0034000001AsnIdAAJ,00533000004TsbKAAS,2017-06-22 00:00:00
00340000014d6feAAA,00533000003gLJtAAM,2017-06-22 00:00:00
003f300001ueDQKAA2,00533000002mY8oAAE,2017-06-22 00:00:00
0034000001Aw3dnAAB,00533000003gLJtAAM,2017-06-22 00:00:00
0034000001AvwH2AAJ,00533000003gLJtAAM,2017-06-22 00:00:00
0034000000o8la9AAA,00533000003mVTqAAM,2017-06-22 00:00:00
0034000001MHaxyAAD,00533000003gdHWAAY,2017-06-22 00:00:00
0034000001BU0wlAAD,00533000002mY90AAE,2017-06-22 00:00:00
0034000001O6Z8gAAF,00540000002j9LGAAY,2017-06-22 00:00:00
0033300001fKOkLAAW,005330000045nicAAA,2017-06-22 00:00:00
0034000001KcUIeAAN,00533000002mOerAAE,2017-06-23 00:00:00
0034000001BRtM1AAL,005400000025V8iAAE,2017-06-23 00:00:00
0034000000owJFNAA2,00540000001EzegAAC,2017-06-23 00:00:00
00340000013DtNUAA0,00540000002jd3SAAQ,2017-06-23 00:00:00
0034000001Aw3fpAAB,005400000025V8iAAE,2017-06-23 00:00:00
0034000001AutNqAAJ,00533000003bP8fAAE,2017-06-23 00:00:00
0034000001AvkowAAB,00540000002iwCrAAI,2017-06-23 00:00:00
003f300001ue5KyAAI,00540000002j9LGAAY,2017-06-23 00:00:00
0034000001dJXflAAG,00540000002j9LGAAY,2017-06-23 00:00:00
0034000001JUrXaAAL,00540000002549VAAQ,2017-06-23 00:00:00
0034000001Ue6OAAAZ,00533000003jwHRAAY,2017-06-23 00:00:00
0034000001GEmtvAAD,00533000002mOerAAE,2017-06-23 00:00:00
0034000000avJnfAAE,005330000045l1CAAQ,2017-06-23 00:00:00
0034000000nC1eIAAS,0054000000254LvAAI,2017-06-23 00:00:00
0033300001lkBOFAA2,00540000001GSBGAA4,2017-06-23 00:00:00
0034000000t9DfEAAU,00533000002mOerAAE,2017-06-23 00:00:00
0034000000uVTrNAAW,00540000001F578AAC,2017-06-23 00:00:00
0034000000xFc3mAAC,00533000003mVTqAAM,2017-06-23 00:00:00
0033300001fLzsSAAS,00540000002iwCrAAI,2017-06-23 00:00:00
0033300001iuHV2AAM,00533000003hRyzAAE,2017-06-23 00:00:00
0033300001mjF5cAAE,00533000003StEEAA0,2017-06-23 00:00:00
0033300001eDIx6AAG,00533000003SqaRAAS,2017-06-23 00:00:00
0034000000gNdIDAA0,005330000045nicAAA,2017-06-23 00:00:00
0034000000h1g9aAAA,00533000002mYGEAA2,2017-06-23 00:00:00
0033300001pUKK2AAO,00533000003StEEAA0,2017-06-23 00:00:00
0033300001rT4IYAA0,005330000045l1CAAQ,2017-06-23 00:00:00
0033300001mjeOLAAY,00540000002j9LGAAY,2017-06-23 00:00:00
0033300001miCYIAA2,00540000002j9LGAAY,2017-06-26 00:00:00
0033300001ljmJQAAY,00540000001EzegAAC,2017-06-26 00:00:00
0034000000OLfF5AAL,00533000002mOerAAE,2017-06-26 00:00:00
0033300001mj2jYAAQ,00533000002mp8OAAQ,2017-06-26 00:00:00
0033300001iuHV2AAM,00533000003gLJtAAM,2017-06-26 00:00:00
0033300001fLzsSAAS,00533000003gLJtAAM,2017-06-26 00:00:00
0033300001fM1PXAA0,00533000002mp8OAAQ,2017-06-26 00:00:00
0033300001ggN9EAAU,005330000045SGDAA2,2017-06-26 00:00:00
0034000000u1zhCAAQ,00533000002mp8OAAQ,2017-06-26 00:00:00
0034000000u2QxVAAU,00533000003mVTqAAM,2017-06-26 00:00:00
0034000000xZgVRAA0,00540000002jC6aAAE,2017-06-26 00:00:00
0034000000uVTrNAAW,00533000003gLJtAAM,2017-06-26 00:00:00
00340000014aQ0KAAU,00540000002j9LGAAY,2017-06-26 00:00:00
0033300001pVna3AAC,00533000002mp8OAAQ,2017-06-26 00:00:00
0034000000hex6aAAA,00533000003mVTqAAM,2017-06-26 00:00:00
0034000001MpcmmAAB,00540000002jC6aAAE,2017-06-26 00:00:00
0034000001JUrXaAAL,00533000003gLJtAAM,2017-06-26 00:00:00
0034000001K07hpAAB,00540000002j9LGAAY,2017-06-26 00:00:00
0034000001662e9AAA,00533000003mVTqAAM,2017-06-26 00:00:00
003f300001ue5KyAAI,00540000002j9LGAAY,2017-06-26 00:00:00
0034000001AvkowAAB,00533000003gLJtAAM,2017-06-26 00:00:00
0034000001BPvFbAAL,00533000002mOerAAE,2017-06-26 00:00:00
0034000001BSC9qAAH,00540000001EzegAAC,2017-06-26 00:00:00
0034000001AvL0IAAV,00533000002mY90AAE,2017-06-26 00:00:00
0034000001AvyGPAAZ,00540000002kNQmAAM,2017-06-26 00:00:00
0034000000pHkXXAA0,00533000003StEEAA0,2017-06-26 00:00:00
0034000000pHkXXAA0,00533000003StEEAA0,2017-06-26 00:00:00
0034000000pHkXXAA0,00533000003StEEAA0,2017-06-26 00:00:00
0034000001BSpoBAAT,00540000002jC6aAAE,2017-06-26 00:00:00
0034000001BU7CaAAL,00533000003StEEAA0,2017-06-26 00:00:00
0034000001BU7CaAAL,00533000003StEEAA0,2017-06-26 00:00:00
0033300001g6OX9AAM,00533000003StEEAA0,2017-06-26 00:00:00
0033300001g6OX9AAM,00533000003StEEAA0,2017-06-26 00:00:00
0033300001g61J9AAI,00533000002mp8OAAQ,2017-06-26 00:00:00
0034000001VJgijAAD,00540000002j9LGAAY,2017-06-27 00:00:00
0034000001JU7i5AAD,00540000002jC5DAAU,2017-06-27 00:00:00
0034000001KcUIeAAN,00533000002mOerAAE,2017-06-27 00:00:00
0034000001HdUUJAA3,00533000002mYGEAA2,2017-06-27 00:00:00
0034000001Qq4F7AAJ,005330000045nicAAA,2017-06-27 00:00:00
0034000001O8DuBAAV,00540000002j9LGAAY,2017-06-27 00:00:00
0034000001HAosjAAD,005400000024J4TAAU,2017-06-27 00:00:00
0034000001EmAZ1AAN,00540000001FEymAAG,2017-06-27 00:00:00
0034000001EmAZ1AAN,00540000002jd3SAAQ,2017-06-27 00:00:00
0034000001BRr8ZAAT,00540000001F578AAC,2017-06-27 00:00:00
0034000001BRoYOAA1,00540000002j9LGAAY,2017-06-27 00:00:00
0033300001rSHvoAAG,00540000002j9LGAAY,2017-06-27 00:00:00
0034000000ljtH7AAI,005400000024znbAAA,2017-06-27 00:00:00
0034000001AujCsAAJ,00533000002mY90AAE,2017-06-27 00:00:00
0034000001AujCsAAJ,00533000002mY90AAE,2017-06-27 00:00:00
0034000001Aw30CAAR,00533000002mp8OAAQ,2017-06-27 00:00:00
003f300001udskiAAA,00533000003gdHWAAY,2017-06-27 00:00:00
0033300001turckAAA,00533000003mRApAAM,2017-06-27 00:00:00
0034000001AsNpnAAF,00540000002jC5DAAU,2017-06-27 00:00:00
0034000001AtZ1fAAF,00540000001EzegAAC,2017-06-27 00:00:00
0034000001Ug6jLAAR,005400000026smOAAQ,2017-06-27 00:00:00
003400000166YTAAA2,00540000002j9LGAAY,2017-06-27 00:00:00
0034000001OnmAyAAJ,005330000045nicAAA,2017-06-27 00:00:00
0033300001rVECEAA4,00540000002j9LGAAY,2017-06-27 00:00:00
0033300001tYBlTAAW,00540000001IcKPAA0,2017-06-27 00:00:00
0034000000ip3yKAAQ,00540000002jC5DAAU,2017-06-27 00:00:00
0034000000ip3yKAAQ,00540000002jd3SAAQ,2017-06-27 00:00:00
0034000000fEvW0AAK,00533000002mp8OAAQ,2017-06-27 00:00:00
0034000000crJsbAAE,00540000001EzegAAC,2017-06-27 00:00:00
0034000000avKnmAAE,005400000024znbAAA,2017-06-27 00:00:00
0033300001rU5rSAAS,005330000045SG8AAM,2017-06-27 00:00:00
0033300001qG7qqAAC,00533000002mp8OAAQ,2017-06-27 00:00:00
0034000000sOVbOAAW,00533000002mY90AAE,2017-06-27 00:00:00
00340000018k6gcAAA,00540000001IcKPAA0,2017-06-27 00:00:00
00340000017kajwAAA,00540000001EzegAAC,2017-06-27 00:00:00
0034000001AuDLDAA3,00533000002mp8OAAQ,2017-06-27 00:00:00
0034000001Aug63AAB,00540000002jd3SAAQ,2017-06-27 00:00:00
0034000001Aug63AAB,00540000001GSBGAA4,2017-06-27 00:00:00
0034000000yZrwsAAC,00540000002jd3SAAQ,2017-06-27 00:00:00
0034000000yZrwsAAC,00540000002jd3SAAQ,2017-06-27 00:00:00
0034000000srUd1AAE,005400000024znbAAA,2017-06-27 00:00:00
0034000001677z5AAA,00540000002j9LGAAY,2017-06-27 00:00:00
0034000000x8VtIAAU,0054000000254LvAAI,2017-06-27 00:00:00
00340000016w691AAA,00540000001IcKPAA0,2017-06-27 00:00:00
0033300001g96xiAAA,005400000024J4TAAU,2017-06-27 00:00:00
0033300001fKW9qAAG,005330000045SG8AAM,2017-06-27 00:00:00
0033300001emWOzAAM,00540000002j9LGAAY,2017-06-27 00:00:00
0034000001AuzrEAAR,005400000024J4TAAU,2017-06-27 00:00:00
0033300001oXxmLAAS,00533000002mp8OAAQ,2017-06-27 00:00:00
0033300001mjH94AAE,005330000045nicAAA,2017-06-28 00:00:00
0034000000j9dmvAAA,00533000002mOerAAE,2017-06-28 00:00:00
0033300001el6vrAAA,00533000003bP8fAAE,2017-06-28 00:00:00
0033300001gzObHAAU,00533000002mOerAAE,2017-06-28 00:00:00
0033300001fL18iAAC,005330000045SG8AAM,2017-06-28 00:00:00
0034000000sr9wHAAQ,00540000002j9LGAAY,2017-06-28 00:00:00
0034000000uYbWvAAK,005330000045l1CAAQ,2017-06-28 00:00:00
0034000001AvCKFAA3,005400000026VEuAAM,2017-06-28 00:00:00
00340000014bX0nAAE,00540000001IcKPAA0,2017-06-28 00:00:00
0034000000mtXW1AAM,0054000000254LvAAI,2017-06-28 00:00:00
0033300001rU5KkAAK,005330000045SGDAA2,2017-06-28 00:00:00
0033300001rU5rSAAS,005330000045SG8AAM,2017-06-28 00:00:00
0034000001ZcU11AAF,00540000002j9LGAAY,2017-06-28 00:00:00
0034000001bdRfJAAU,005330000045SG8AAM,2017-06-28 00:00:00
00340000011QwanAAC,005330000045SG8AAM,2017-06-28 00:00:00
003400000107jllAAA,0054000000254LvAAI,2017-06-28 00:00:00
0034000001BSoVEAA1,0054000000254LvAAI,2017-06-28 00:00:00
0034000000ptlNmAAI,00540000001EzegAAC,2017-06-28 00:00:00
0034000001OnUFTAA3,00540000002j9LGAAY,2017-06-28 00:00:00
0034000000pLqohAAC,005400000024znbAAA,2017-06-29 00:00:00
0034000001YXGfWAAX,005330000045nicAAA,2017-06-29 00:00:00
0034000001IXVIiAAP,0054000000254LvAAI,2017-06-29 00:00:00
0034000001IXVIiAAP,005400000025suSAAQ,2017-06-29 00:00:00
00340000012TfYbAAK,00540000002iwCrAAI,2017-06-29 00:00:00
0034000000oaYjZAAU,00533000002mOerAAE,2017-06-29 00:00:00
003400000112JXSAA2,00533000003mRApAAM,2017-06-29 00:00:00
00340000010hoAmAAI,00540000002549VAAQ,2017-06-29 00:00:00
0034000001BRz5vAAD,00533000003mUpRAAU,2017-06-29 00:00:00
003400000166K6VAAU,00540000002jC5DAAU,2017-06-29 00:00:00
003f300001udHujAAE,005330000046424AAA,2017-06-29 00:00:00
0034000000rQz6DAAS,005330000046424AAA,2017-06-29 00:00:00
0034000000inIYzAAM,00540000001IcKPAA0,2017-06-29 00:00:00
0034000000avK6XAAU,00540000001lrG4AAI,2017-06-29 00:00:00
0034000000iYaS3AAK,00533000003jwHRAAY,2017-06-29 00:00:00
0034000000dvDYbAAM,00533000003mVTqAAM,2017-06-29 00:00:00
00340000014a8G5AAI,00533000002mY8oAAE,2017-06-29 00:00:00
0034000000vsAHzAAM,00533000002mp8OAAQ,2017-06-29 00:00:00
0034000000vImAyAAK,00540000001F578AAC,2017-06-29 00:00:00
00340000016tqauAAA,005330000046424AAA,2017-06-29 00:00:00
0034000001677ybAAA,00533000003mUpMAAU,2017-06-29 00:00:00
0033300001iRqxKAAS,005400000025suwAAA,2017-06-29 00:00:00
0033300001dMGhoAAG,00533000003gLK3AAM,2017-06-29 00:00:00
0033300001fKnGsAAK,005330000046424AAA,2017-06-29 00:00:00
0034000001PI01GAAT,00533000002mYGEAA2,2017-06-29 00:00:00
0033300001pqsgVAAQ,00540000002j9LGAAY,2017-06-29 00:00:00
0033300001pU85gAAC,005330000045nicAAA,2017-06-29 00:00:00
0033300001rU6G3AAK,00533000004TxS8AAK,2017-06-29 00:00:00
0033300001pjn1oAAA,00533000003mUpMAAU,2017-06-29 00:00:00
0034000000QDZ14AAH,00540000001IcKPAA0,2017-06-29 00:00:00
0034000000jS8vkAAC,00533000002mOerAAE,2017-06-30 00:00:00
0034000000kIvY7AAK,005330000046424AAA,2017-06-30 00:00:00
0034000000kHlqnAAC,0054000000254LvAAI,2017-06-30 00:00:00
0033300001eE4N2AAK,00533000002mOerAAE,2017-06-30 00:00:00
0033300001elcjRAAQ,005400000024znbAAA,2017-06-30 00:00:00
0033300001mjH94AAE,005330000045nicAAA,2017-06-30 00:00:00
0034000000uWTKPAA4,00533000002mOerAAE,2017-06-30 00:00:00
0034000000zAS2SAAW,00533000003mRApAAM,2017-06-30 00:00:00
00340000019JWGoAAO,00533000002mOerAAE,2017-06-30 00:00:00
0034000000avJilAAE,00533000002mY90AAE,2017-06-30 00:00:00
0033300001pXozTAAS,00533000003hogtAAA,2017-06-30 00:00:00
0034000000pAvyqAAC,0054000000254LvAAI,2017-06-30 00:00:00
0034000001BTDmgAAH,005400000024znbAAA,2017-06-30 00:00:00
